-- phpMyAdmin SQL Dump
-- version 5.2.1
-- https://www.phpmyadmin.net/
--
-- Hôte : 127.0.0.1:3306
-- Généré le : mer. 29 avr. 2026 à 07:32
-- Version du serveur : 9.1.0
-- Version de PHP : 8.3.14

SET SQL_MODE = "NO_AUTO_VALUE_ON_ZERO";
START TRANSACTION;
SET time_zone = "+00:00";


/*!40101 SET @OLD_CHARACTER_SET_CLIENT=@@CHARACTER_SET_CLIENT */;
/*!40101 SET @OLD_CHARACTER_SET_RESULTS=@@CHARACTER_SET_RESULTS */;
/*!40101 SET @OLD_COLLATION_CONNECTION=@@COLLATION_CONNECTION */;
/*!40101 SET NAMES utf8mb4 */;

--
-- Base de données : `tifosi`
--

-- --------------------------------------------------------

--
-- Structure de la table `achete`
--

DROP TABLE IF EXISTS `achete`;
CREATE TABLE IF NOT EXISTS `achete` (
  `id_client` int NOT NULL,
  `id_focaccia` int NOT NULL,
  `jour` date NOT NULL,
  PRIMARY KEY (`id_client`,`id_focaccia`,`jour`),
  KEY `id_focaccia` (`id_focaccia`)
) ENGINE=MyISAM DEFAULT CHARSET=utf8mb4 COLLATE=utf8mb4_unicode_ci;

-- --------------------------------------------------------

--
-- Structure de la table `boisson`
--

DROP TABLE IF EXISTS `boisson`;
CREATE TABLE IF NOT EXISTS `boisson` (
  `id_boisson` int NOT NULL AUTO_INCREMENT,
  `nom_boisson` varchar(100) COLLATE utf8mb4_unicode_ci NOT NULL,
  `id_marque` int NOT NULL,
  PRIMARY KEY (`id_boisson`),
  KEY `id_marque` (`id_marque`)
) ENGINE=MyISAM AUTO_INCREMENT=13 DEFAULT CHARSET=utf8mb4 COLLATE=utf8mb4_unicode_ci;

--
-- Déchargement des données de la table `boisson`
--

INSERT INTO `boisson` (`id_boisson`, `nom_boisson`, `id_marque`) VALUES
(1, 'Coca-cola zéro', 1),
(2, 'Coca-cola original', 1),
(3, 'Fanta citron', 1),
(4, 'Fanta orange', 1),
(5, 'Capri-sun', 1),
(6, 'Pepsi', 4),
(7, 'Pepsi Max Zéro', 4),
(8, 'Lipton zéro citron', 4),
(9, 'Lipton Peach', 4),
(10, 'Monster energy ultra gold', 3),
(11, 'Monster energy ultra blue', 3),
(12, 'Eau de source', 2);

-- --------------------------------------------------------

--
-- Structure de la table `client`
--

DROP TABLE IF EXISTS `client`;
CREATE TABLE IF NOT EXISTS `client` (
  `id_client` int NOT NULL AUTO_INCREMENT,
  `nom_client` varchar(100) COLLATE utf8mb4_unicode_ci NOT NULL,
  `age` int NOT NULL,
  `cp_client` varchar(10) COLLATE utf8mb4_unicode_ci NOT NULL,
  PRIMARY KEY (`id_client`)
) ENGINE=MyISAM DEFAULT CHARSET=utf8mb4 COLLATE=utf8mb4_unicode_ci;

-- --------------------------------------------------------

--
-- Structure de la table `comprend`
--

DROP TABLE IF EXISTS `comprend`;
CREATE TABLE IF NOT EXISTS `comprend` (
  `id_focaccia` int NOT NULL,
  `id_ingredient` int NOT NULL,
  PRIMARY KEY (`id_focaccia`,`id_ingredient`),
  KEY `id_ingredient` (`id_ingredient`)
) ENGINE=MyISAM DEFAULT CHARSET=utf8mb4 COLLATE=utf8mb4_unicode_ci;

--
-- Déchargement des données de la table `comprend`
--

INSERT INTO `comprend` (`id_focaccia`, `id_ingredient`) VALUES
(1, 1),
(1, 3),
(1, 5),
(1, 7),
(1, 9),
(1, 13),
(1, 16),
(1, 18),
(1, 20),
(1, 25),
(2, 1),
(2, 5),
(2, 7),
(2, 9),
(2, 11),
(2, 16),
(2, 18),
(2, 20),
(3, 1),
(3, 5),
(3, 7),
(3, 9),
(3, 18),
(3, 20),
(3, 22),
(4, 6),
(4, 7),
(4, 9),
(4, 10),
(4, 15),
(4, 18),
(4, 20),
(5, 5),
(5, 7),
(5, 9),
(5, 12),
(5, 16),
(5, 17),
(5, 18),
(5, 20),
(5, 25),
(6, 2),
(6, 4),
(6, 5),
(6, 9),
(6, 16),
(6, 18),
(6, 19),
(6, 20),
(6, 25),
(7, 4),
(7, 5),
(7, 9),
(7, 16),
(7, 18),
(7, 20),
(7, 21),
(7, 25),
(8, 1),
(8, 3),
(8, 6),
(8, 7),
(8, 8),
(8, 9),
(8, 13),
(8, 14),
(8, 16),
(8, 18),
(8, 20),
(8, 21);

-- --------------------------------------------------------

--
-- Structure de la table `contient`
--

DROP TABLE IF EXISTS `contient`;
CREATE TABLE IF NOT EXISTS `contient` (
  `id_menu` int NOT NULL,
  `id_boisson` int NOT NULL,
  PRIMARY KEY (`id_menu`,`id_boisson`),
  KEY `id_boisson` (`id_boisson`)
) ENGINE=MyISAM DEFAULT CHARSET=utf8mb4 COLLATE=utf8mb4_unicode_ci;

-- --------------------------------------------------------

--
-- Structure de la table `focaccia`
--

DROP TABLE IF EXISTS `focaccia`;
CREATE TABLE IF NOT EXISTS `focaccia` (
  `id_focaccia` int NOT NULL AUTO_INCREMENT,
  `nom_focaccia` varchar(100) COLLATE utf8mb4_unicode_ci NOT NULL,
  `prix_focaccia` decimal(5,2) NOT NULL,
  PRIMARY KEY (`id_focaccia`)
) ENGINE=MyISAM AUTO_INCREMENT=9 DEFAULT CHARSET=utf8mb4 COLLATE=utf8mb4_unicode_ci;

--
-- Déchargement des données de la table `focaccia`
--

INSERT INTO `focaccia` (`id_focaccia`, `nom_focaccia`, `prix_focaccia`) VALUES
(1, 'Mozaccia', 9.80),
(2, 'Gorgonzollaccia', 10.80),
(3, 'Raclaccia', 8.90),
(4, 'Emmentalaccia', 9.80),
(5, 'Tradizione', 8.90),
(6, 'Hawaienne', 11.20),
(7, 'Américaine', 10.80),
(8, 'Paysanne', 12.80);

-- --------------------------------------------------------

--
-- Structure de la table `ingredient`
--

DROP TABLE IF EXISTS `ingredient`;
CREATE TABLE IF NOT EXISTS `ingredient` (
  `id_ingredient` int NOT NULL AUTO_INCREMENT,
  `nom_ingredient` varchar(100) COLLATE utf8mb4_unicode_ci NOT NULL,
  PRIMARY KEY (`id_ingredient`)
) ENGINE=MyISAM AUTO_INCREMENT=25 DEFAULT CHARSET=utf8mb4 COLLATE=utf8mb4_unicode_ci;

--
-- Déchargement des données de la table `ingredient`
--

INSERT INTO `ingredient` (`id_ingredient`, `nom_ingredient`) VALUES
(1, 'Ail'),
(2, 'Ananas'),
(3, 'Artichaut'),
(4, 'Bacon'),
(5, 'Base Tomate'),
(6, 'Base crème'),
(7, 'Champignon'),
(8, 'Chevre'),
(9, 'Cresson'),
(10, 'Emmental'),
(11, 'Gorgonzola'),
(12, 'Jambon cuit'),
(13, 'Jambon fumé'),
(14, 'Oeuf'),
(15, 'Oignon'),
(16, 'Olive noire'),
(17, 'Olive verte'),
(18, 'Parmesan'),
(19, 'Piment'),
(20, 'Poivre'),
(21, 'Pomme de terre'),
(22, 'Raclette'),
(23, 'Salami'),
(24, 'Tomate cerise');

-- --------------------------------------------------------

--
-- Structure de la table `marque`
--

DROP TABLE IF EXISTS `marque`;
CREATE TABLE IF NOT EXISTS `marque` (
  `id_marque` int NOT NULL AUTO_INCREMENT,
  `nom_marque` varchar(100) COLLATE utf8mb4_unicode_ci NOT NULL,
  PRIMARY KEY (`id_marque`)
) ENGINE=MyISAM AUTO_INCREMENT=5 DEFAULT CHARSET=utf8mb4 COLLATE=utf8mb4_unicode_ci;

--
-- Déchargement des données de la table `marque`
--

INSERT INTO `marque` (`id_marque`, `nom_marque`) VALUES
(1, 'Coca-cola'),
(2, 'Cristalline'),
(3, 'Monster'),
(4, 'Pepsico');

-- --------------------------------------------------------

--
-- Structure de la table `menu`
--

DROP TABLE IF EXISTS `menu`;
CREATE TABLE IF NOT EXISTS `menu` (
  `id_menu` int NOT NULL AUTO_INCREMENT,
  `nom_menu` varchar(100) COLLATE utf8mb4_unicode_ci NOT NULL,
  `prix_menu` decimal(5,2) NOT NULL,
  `id_focaccia` int NOT NULL,
  PRIMARY KEY (`id_menu`),
  KEY `id_focaccia` (`id_focaccia`)
) ENGINE=MyISAM DEFAULT CHARSET=utf8mb4 COLLATE=utf8mb4_unicode_ci;

-- --------------------------------------------------------

--
-- Structure de la table `paye`
--

DROP TABLE IF EXISTS `paye`;
CREATE TABLE IF NOT EXISTS `paye` (
  `id_client` int NOT NULL,
  `id_menu` int NOT NULL,
  `jour` date NOT NULL,
  PRIMARY KEY (`id_client`,`id_menu`,`jour`),
  KEY `id_menu` (`id_menu`)
) ENGINE=MyISAM DEFAULT CHARSET=utf8mb4 COLLATE=utf8mb4_unicode_ci;
COMMIT;

/*!40101 SET CHARACTER_SET_CLIENT=@OLD_CHARACTER_SET_CLIENT */;
/*!40101 SET CHARACTER_SET_RESULTS=@OLD_CHARACTER_SET_RESULTS */;
/*!40101 SET COLLATION_CONNECTION=@OLD_COLLATION_CONNECTION */;
